,Category,Value
0,Analytics,0.3076923076923077
1,MOONEY Distribution,0.15384615384615385
3,Space Acceleration Network,0.5384615384615384
